13736,whatever 1,whatever 2,whatever 3
13739,whatever 1,whatever 2,whatever 3
13738,whatever 1,whatever 2,whatever 3
10890,whatever 1,whatever 2,whatever 3
10964,whatever 1,whatever 2,whatever 3
13548,whatever 1,whatever 2,whatever 3
7889,whatever 1,whatever 2,whatever 3
10701,whatever 1,whatever 2,whatever 3
10706,whatever 1,whatever 2,whatever 3
8041,whatever 1,whatever 2,whatever 3
13724,whatever 1,whatever 2,whatever 3
10633,whatever 1,whatever 2,whatever 3
10387,whatever 1,whatever 2,whatever 3
10385,whatever 1,whatever 2,whatever 3
10383,whatever 1,whatever 2,whatever 3
10382,whatever 1,whatever 2,whatever 3
10388,whatever 1,whatever 2,whatever 3
8944,whatever 1,whatever 2,whatever 3
14013,whatever 1,whatever 2,whatever 3
14012,whatever 1,whatever 2,whatever 3
10093,whatever 1,whatever 2,whatever 3
8166,whatever 1,whatever 2,whatever 3
8165,whatever 1,whatever 2,whatever 3
8164,whatever 1,whatever 2,whatever 3
8549,whatever 1,whatever 2,whatever 3
8548,whatever 1,whatever 2,whatever 3
8547,whatever 1,whatever 2,whatever 3
8497,whatever 1,whatever 2,whatever 3
13601,whatever 1,whatever 2,whatever 3
10880,whatever 1,whatever 2,whatever 3
13877,whatever 1,whatever 2,whatever 3
13530,whatever 1,whatever 2,whatever 3
9537,whatever 1,whatever 2,whatever 3
10626,whatever 1,whatever 2,whatever 3
10153,whatever 1,whatever 2,whatever 3
10409,whatever 1,whatever 2,whatever 3
10390,whatever 1,whatever 2,whatever 3
10392,whatever 1,whatever 2,whatever 3
10394,whatever 1,whatever 2,whatever 3
10395,whatever 1,whatever 2,whatever 3
10396,whatever 1,whatever 2,whatever 3
10399,whatever 1,whatever 2,whatever 3
10712,whatever 1,whatever 2,whatever 3
10571,whatever 1,whatever 2,whatever 3
10089,whatever 1,whatever 2,whatever 3
10086,whatever 1,whatever 2,whatever 3
8156,whatever 1,whatever 2,whatever 3
8622,whatever 1,whatever 2,whatever 3
13841,whatever 1,whatever 2,whatever 3
13843,whatever 1,whatever 2,whatever 3
13845,whatever 1,whatever 2,whatever 3
13847,whatever 1,whatever 2,whatever 3
13846,whatever 1,whatever 2,whatever 3
13849,whatever 1,whatever 2,whatever 3
13848,whatever 1,whatever 2,whatever 3
8029,whatever 1,whatever 2,whatever 3
9980,whatever 1,whatever 2,whatever 3
11026,whatever 1,whatever 2,whatever 3
11029,whatever 1,whatever 2,whatever 3
11362,whatever 1,whatever 2,whatever 3
9965,whatever 1,whatever 2,whatever 3
9962,whatever 1,whatever 2,whatever 3
9963,whatever 1,whatever 2,whatever 3
9968,whatever 1,whatever 2,whatever 3
13527,whatever 1,whatever 2,whatever 3
7904,whatever 1,whatever 2,whatever 3
13458,whatever 1,whatever 2,whatever 3
13459,whatever 1,whatever 2,whatever 3
10369,whatever 1,whatever 2,whatever 3
10368,whatever 1,whatever 2,whatever 3
13659,whatever 1,whatever 2,whatever 3
10367,whatever 1,whatever 2,whatever 3
10764,whatever 1,whatever 2,whatever 3
10504,whatever 1,whatever 2,whatever 3
10413,whatever 1,whatever 2,whatever 3
10410,whatever 1,whatever 2,whatever 3
10189,whatever 1,whatever 2,whatever 3
11101,whatever 1,whatever 2,whatever 3
11106,whatever 1,whatever 2,whatever 3
11107,whatever 1,whatever 2,whatever 3
11105,whatever 1,whatever 2,whatever 3
13852,whatever 1,whatever 2,whatever 3
13853,whatever 1,whatever 2,whatever 3
13850,whatever 1,whatever 2,whatever 3
13851,whatever 1,whatever 2,whatever 3
13856,whatever 1,whatever 2,whatever 3
13854,whatever 1,whatever 2,whatever 3
13855,whatever 1,whatever 2,whatever 3
13858,whatever 1,whatever 2,whatever 3
13859,whatever 1,whatever 2,whatever 3
11030,whatever 1,whatever 2,whatever 3
8037,whatever 1,whatever 2,whatever 3
13516,whatever 1,whatever 2,whatever 3
10437,whatever 1,whatever 2,whatever 3
10313,whatever 1,whatever 2,whatever 3
13709,whatever 1,whatever 2,whatever 3
7833,whatever 1,whatever 2,whatever 3
13463,whatever 1,whatever 2,whatever 3
9422,whatever 1,whatever 2,whatever 3
10377,whatever 1,whatever 2,whatever 3
10374,whatever 1,whatever 2,whatever 3
10372,whatever 1,whatever 2,whatever 3
10373,whatever 1,whatever 2,whatever 3
10370,whatever 1,whatever 2,whatever 3
8863,whatever 1,whatever 2,whatever 3
13864,whatever 1,whatever 2,whatever 3
13863,whatever 1,whatever 2,whatever 3
13862,whatever 1,whatever 2,whatever 3
11004,whatever 1,whatever 2,whatever 3
8026,whatever 1,whatever 2,whatever 3
8469,whatever 1,whatever 2,whatever 3
8024,whatever 1,whatever 2,whatever 3
13642,whatever 1,whatever 2,whatever 3
13883,whatever 1,whatever 2,whatever 3
13882,whatever 1,whatever 2,whatever 3
13981,whatever 1,whatever 2,whatever 3
13505,whatever 1,whatever 2,whatever 3
10442,whatever 1,whatever 2,whatever 3
9360,whatever 1,whatever 2,whatever 3
9560,whatever 1,whatever 2,whatever 3
9569,whatever 1,whatever 2,whatever 3
10521,whatever 1,whatever 2,whatever 3
9707,whatever 1,whatever 2,whatever 3
10235,whatever 1,whatever 2,whatever 3
8169,whatever 1,whatever 2,whatever 3
13878,whatever 1,whatever 2,whatever 3
13879,whatever 1,whatever 2,whatever 3
13873,whatever 1,whatever 2,whatever 3
13875,whatever 1,whatever 2,whatever 3
13876,whatever 1,whatever 2,whatever 3
10457,whatever 1,whatever 2,whatever 3
11017,whatever 1,whatever 2,whatever 3
10456,whatever 1,whatever 2,whatever 3
8475,whatever 1,whatever 2,whatever 3
11338,whatever 1,whatever 2,whatever 3
8477,whatever 1,whatever 2,whatever 3
8472,whatever 1,whatever 2,whatever 3
10431,whatever 1,whatever 2,whatever 3
9954,whatever 1,whatever 2,whatever 3
9957,whatever 1,whatever 2,whatever 3
16596,whatever 1,whatever 2,whatever 3
10354,whatever 1,whatever 2,whatever 3
10355,whatever 1,whatever 2,whatever 3
10356,whatever 1,whatever 2,whatever 3
13839,whatever 1,whatever 2,whatever 3
10759,whatever 1,whatever 2,whatever 3
10756,whatever 1,whatever 2,whatever 3
10757,whatever 1,whatever 2,whatever 3
10532,whatever 1,whatever 2,whatever 3
10539,whatever 1,whatever 2,whatever 3
14051,whatever 1,whatever 2,whatever 3
14054,whatever 1,whatever 2,whatever 3
9005,whatever 1,whatever 2,whatever 3
9398,whatever 1,whatever 2,whatever 3
7799,whatever 1,whatever 2,whatever 3
8063,whatever 1,whatever 2,whatever 3
13791,whatever 1,whatever 2,whatever 3
13793,whatever 1,whatever 2,whatever 3
14031,whatever 1,whatever 2,whatever 3
9819,whatever 1,whatever 2,whatever 3
11254,whatever 1,whatever 2,whatever 3
9927,whatever 1,whatever 2,whatever 3
13686,whatever 1,whatever 2,whatever 3
11099,whatever 1,whatever 2,whatever 3
13416,whatever 1,whatever 2,whatever 3
10321,whatever 1,whatever 2,whatever 3
10320,whatever 1,whatever 2,whatever 3
10322,whatever 1,whatever 2,whatever 3
10327,whatever 1,whatever 2,whatever 3
10326,whatever 1,whatever 2,whatever 3
10329,whatever 1,whatever 2,whatever 3
9499,whatever 1,whatever 2,whatever 3
9144,whatever 1,whatever 2,whatever 3
14046,whatever 1,whatever 2,whatever 3
14048,whatever 1,whatever 2,whatever 3
7943,whatever 1,whatever 2,whatever 3
10258,whatever 1,whatever 2,whatever 3
9037,whatever 1,whatever 2,whatever 3
10251,whatever 1,whatever 2,whatever 3
10253,whatever 1,whatever 2,whatever 3
10252,whatever 1,whatever 2,whatever 3
10255,whatever 1,whatever 2,whatever 3
10257,whatever 1,whatever 2,whatever 3
10256,whatever 1,whatever 2,whatever 3
11072,whatever 1,whatever 2,whatever 3
11077,whatever 1,whatever 2,whatever 3
8679,whatever 1,whatever 2,whatever 3
13783,whatever 1,whatever 2,whatever 3
11314,whatever 1,whatever 2,whatever 3
9808,whatever 1,whatever 2,whatever 3
9807,whatever 1,whatever 2,whatever 3
9806,whatever 1,whatever 2,whatever 3
14045,whatever 1,whatever 2,whatever 3
9931,whatever 1,whatever 2,whatever 3
10452,whatever 1,whatever 2,whatever 3
13420,whatever 1,whatever 2,whatever 3
10333,whatever 1,whatever 2,whatever 3
10330,whatever 1,whatever 2,whatever 3
10339,whatever 1,whatever 2,whatever 3
7905,whatever 1,whatever 2,whatever 3
14037,whatever 1,whatever 2,whatever 3
14036,whatever 1,whatever 2,whatever 3
14039,whatever 1,whatever 2,whatever 3
14038,whatever 1,whatever 2,whatever 3
10796,whatever 1,whatever 2,whatever 3
10584,whatever 1,whatever 2,whatever 3
10248,whatever 1,whatever 2,whatever 3
10242,whatever 1,whatever 2,whatever 3
8934,whatever 1,whatever 2,whatever 3
11459,whatever 1,whatever 2,whatever 3
11039,whatever 1,whatever 2,whatever 3
11047,whatever 1,whatever 2,whatever 3
11043,whatever 1,whatever 2,whatever 3
11041,whatever 1,whatever 2,whatever 3
8244,whatever 1,whatever 2,whatever 3
8640,whatever 1,whatever 2,whatever 3
9838,whatever 1,whatever 2,whatever 3
10306,whatever 1,whatever 2,whatever 3
10305,whatever 1,whatever 2,whatever 3
8333,whatever 1,whatever 2,whatever 3
13683,whatever 1,whatever 2,whatever 3
13682,whatever 1,whatever 2,whatever 3
10300,whatever 1,whatever 2,whatever 3
11279,whatever 1,whatever 2,whatever 3
13431,whatever 1,whatever 2,whatever 3
13437,whatever 1,whatever 2,whatever 3
10907,whatever 1,whatever 2,whatever 3
10906,whatever 1,whatever 2,whatever 3
11454,whatever 1,whatever 2,whatever 3
10309,whatever 1,whatever 2,whatever 3
10308,whatever 1,whatever 2,whatever 3
10307,whatever 1,whatever 2,whatever 3
10302,whatever 1,whatever 2,whatever 3
10301,whatever 1,whatever 2,whatever 3
14022,whatever 1,whatever 2,whatever 3
14024,whatever 1,whatever 2,whatever 3
14028,whatever 1,whatever 2,whatever 3
13708,whatever 1,whatever 2,whatever 3
10277,whatever 1,whatever 2,whatever 3
10274,whatever 1,whatever 2,whatever 3
10272,whatever 1,whatever 2,whatever 3
10271,whatever 1,whatever 2,whatever 3
10402,whatever 1,whatever 2,whatever 3
10404,whatever 1,whatever 2,whatever 3
9057,whatever 1,whatever 2,whatever 3
8253,whatever 1,whatever 2,whatever 3
8782,whatever 1,whatever 2,whatever 3
8781,whatever 1,whatever 2,whatever 3
14019,whatever 1,whatever 2,whatever 3
8651,whatever 1,whatever 2,whatever 3
13926,whatever 1,whatever 2,whatever 3
13924,whatever 1,whatever 2,whatever 3
13920,whatever 1,whatever 2,whatever 3
13695,whatever 1,whatever 2,whatever 3
13696,whatever 1,whatever 2,whatever 3
13698,whatever 1,whatever 2,whatever 3
13699,whatever 1,whatever 2,whatever 3
8048,whatever 1,whatever 2,whatever 3
13740,whatever 1,whatever 2,whatever 3
13741,whatever 1,whatever 2,whatever 3
10276,whatever 1,whatever 2,whatever 3
10343,whatever 1,whatever 2,whatever 3
10270,whatever 1,whatever 2,whatever 3
10914,whatever 1,whatever 2,whatever 3
10913,whatever 1,whatever 2,whatever 3
10318,whatever 1,whatever 2,whatever 3
10319,whatever 1,whatever 2,whatever 3
10310,whatever 1,whatever 2,whatever 3
10316,whatever 1,whatever 2,whatever 3
14017,whatever 1,whatever 2,whatever 3
14015,whatever 1,whatever 2,whatever 3
14050,whatever 1,whatever 2,whatever 3
14053,whatever 1,whatever 2,whatever 3
10260,whatever 1,whatever 2,whatever 3
10262,whatever 1,whatever 2,whatever 3
10264,whatever 1,whatever 2,whatever 3
10265,whatever 1,whatever 2,whatever 3
10266,whatever 1,whatever 2,whatever 3
10267,whatever 1,whatever 2,whatever 3
10269,whatever 1,whatever 2,whatever 3
10460,whatever 1,whatever 2,whatever 3
10461,whatever 1,whatever 2,whatever 3
14164,whatever 1,whatever 2,whatever 3
11191,whatever 1,whatever 2,whatever 3
8221,whatever 1,whatever 2,whatever 3
13914,whatever 1,whatever 2,whatever 3
10040,whatever 1,whatever 2,whatever 3
10922,whatever 1,whatever 2,whatever 3
10929,whatever 1,whatever 2,whatever 3
11435,whatever 1,whatever 2,whatever 3
10673,whatever 1,whatever 2,whatever 3
13581,whatever 1,whatever 2,whatever 3
14003,whatever 1,whatever 2,whatever 3
10298,whatever 1,whatever 2,whatever 3
10295,whatever 1,whatever 2,whatever 3
10294,whatever 1,whatever 2,whatever 3
10297,whatever 1,whatever 2,whatever 3
10296,whatever 1,whatever 2,whatever 3
10290,whatever 1,whatever 2,whatever 3
10293,whatever 1,whatever 2,whatever 3
10453,whatever 1,whatever 2,whatever 3
10580,whatever 1,whatever 2,whatever 3
10583,whatever 1,whatever 2,whatever 3
11182,whatever 1,whatever 2,whatever 3
11180,whatever 1,whatever 2,whatever 3
13893,whatever 1,whatever 2,whatever 3
14047,whatever 1,whatever 2,whatever 3
14040,whatever 1,whatever 2,whatever 3
14042,whatever 1,whatever 2,whatever 3
10133,whatever 1,whatever 2,whatever 3
11228,whatever 1,whatever 2,whatever 3
10036,whatever 1,whatever 2,whatever 3
13573,whatever 1,whatever 2,whatever 3
8023,whatever 1,whatever 2,whatever 3
13481,whatever 1,whatever 2,whatever 3
10285,whatever 1,whatever 2,whatever 3
10280,whatever 1,whatever 2,whatever 3
9662,whatever 1,whatever 2,whatever 3
10590,whatever 1,whatever 2,whatever 3
10598,whatever 1,whatever 2,whatever 3
11082,whatever 1,whatever 2,whatever 3
11154,whatever 1,whatever 2,whatever 3
11159,whatever 1,whatever 2,whatever 3
11158,whatever 1,whatever 2,whatever 3
8596,whatever 1,whatever 2,whatever 3
8378,whatever 1,whatever 2,whatever 3
13711,whatever 1,whatever 2,whatever 3
13713,whatever 1,whatever 2,whatever 3
13715,whatever 1,whatever 2,whatever 3
9895,whatever 1,whatever 2,whatever 3
8094,whatever 1,whatever 2,whatever 3
11418,whatever 1,whatever 2,whatever 3
13918,whatever 1,whatever 2,whatever 3
10943,whatever 1,whatever 2,whatever 3
9274,whatever 1,whatever 2,whatever 3
10052,whatever 1,whatever 2,whatever 3
10617,whatever 1,whatever 2,whatever 3
13496,whatever 1,whatever 2,whatever 3
9098,whatever 1,whatever 2,whatever 3
10439,whatever 1,whatever 2,whatever 3
10344,whatever 1,whatever 2,whatever 3
10544,whatever 1,whatever 2,whatever 3
10549,whatever 1,whatever 2,whatever 3
8817,whatever 1,whatever 2,whatever 3
8811,whatever 1,whatever 2,whatever 3
8179,whatever 1,whatever 2,whatever 3
11140,whatever 1,whatever 2,whatever 3
13662,whatever 1,whatever 2,whatever 3
13665,whatever 1,whatever 2,whatever 3
11393,whatever 1,whatever 2,whatever 3
13702,whatever 1,whatever 2,whatever 3
13700,whatever 1,whatever 2,whatever 3
9661,whatever 1,whatever 2,whatever 3
13635,whatever 1,whatever 2,whatever 3
9668,whatever 1,whatever 2,whatever 3
13551,whatever 1,whatever 2,whatever 3
13555,whatever 1,whatever 2,whatever 3
13554,whatever 1,whatever 2,whatever 3
7892,whatever 1,whatever 2,whatever 3
7890,whatever 1,whatever 2,whatever 3
10739,whatever 1,whatever 2,whatever 3
10603,whatever 1,whatever 2,whatever 3
10130,whatever 1,whatever 2,whatever 3
9088,whatever 1,whatever 2,whatever 3
9087,whatever 1,whatever 2,whatever 3
9086,whatever 1,whatever 2,whatever 3
9081,whatever 1,whatever 2,whatever 3
10423,whatever 1,whatever 2,whatever 3
10420,whatever 1,whatever 2,whatever 3
9312,whatever 1,whatever 2,whatever 3
10424,whatever 1,whatever 2,whatever 3
8957,whatever 1,whatever 2,whatever 3
10556,whatever 1,whatever 2,whatever 3
11429,whatever 1,whatever 2,whatever 3
10314,whatever 1,whatever 2,whatever 3
10315,whatever 1,whatever 2,whatever 3
10317,whatever 1,whatever 2,whatever 3
